{
    "mean_squares":{
        "method_1":[
          55.09191786563765,
          260.55599222443016,
          285.4194693921091,
          659.4954761576986,
          378.7027301490127,
          940.7073391480753,
          861.7399954980028,
          892.0061801558571,
          235.91775596395345,
          389.6806932052825,
          505488.42311849556
        ],
        "method_3":[
          57.53222115858061,
          234.51374886288556,
          190.12801470523348,
          431.18515535026404,
          375.69190840513926,
          662.7540298662593,
          840.7606580047279,
          649.996698499973,
          234.88002798460204,
          386.5140926801875,
          171350932.33455807
        ],
        "bspline1":[
          44.2370081435206,
          76.70180634091102,
          136.5327822956047,
          314.1898092910794,
          294.79053819920716,
          410.10060391479254,
          703.1137390334868,
          430.501068679453,
          134.5141072826577,
          215.46103436331012,
          68093683.6140246
        ],
        "exhaustive":[
          72.9548370593778,
          308.1775820182341,
          351.45690515749624,
          767.9867228200574,
          384.9758408191955,
          1078.0574234347546,
          1064.4894092383415,
          1066.0725785012237,
          364.8919826862864,
          501.4023227861776,
          178072665.63654608
        ],
        "displacement":[
          10.714922302244947,
          34.80765578120131,
          37.42602608033301,
          76.04556953162387,
          71.40330827131622,
          97.06504655083396,
          257.229027220529,
          100.64446645864447,
          95.9345358944522,
          159.90154960744235,
          73762414.96250682
        ]
    },
    "mutual_info":{
        "method_1":[
          -0.3582403772226426,
          -0.4696753691571821,
          -0.8559310377092676,
          -0.8430925146590196,
          -0.8817934901698262,
          -0.826115421421913,
          -0.8989516155850594,
          -0.7845040440472614,
          -0.5370479059895006,
          -0.5392846185862052,
          -0.5558667333692856
        ],
        "method_3":[
          -0.355714411687429,
          -0.4762499465887329,
          -0.9609486453958438,
          -0.9724738156390689,
          -0.8891335969039036,
          -0.9182957869922157,
          -0.9057328501747409,
          -0.8672674396465552,
          -0.5669482255371406,
          -0.545067780595671,
          -1.6145214960749137
        ],
        "bspline1":[
          -0.35720916220230975,
          -0.5082396283642777,
          -1.024760801545278,
          -1.023450600374239,
          -0.9352614522035904,
          -0.9808173031092998,
          -0.9656829527945552,
          -0.9397058418922924,
          -0.6098942528542314,
          -0.6458428158466459,
          -0.6900272677228962
        ],
        "exhaustive":[
          -0.32673460121540127,
          -0.4304478379509549,
          -0.8151543609816518,
          -0.8217835816348338,
          -0.8828413765889855,
          -0.8057041618917353,
          -0.7860713704726207,
          -0.7505091572111735,
          -0.4901488778748804,
          -0.5066521110505854,
          -0.6433640388224093
        ],
        "displacement":[
          -0.5897929066699115,
          -0.7381452253787429,
          -1.3346030783710885,
          -1.2698763466460028,
          -1.2451222744749806,
          -1.2094900602932812,
          -1.144284603446526,
          -1.154101979033101,
          -0.7063220688651953,
          -0.6584563587492451,
          -2.038968010614459
        ]
    },
    "correlation":{
        "method_1":[
          -0.7811341313820529,
          -0.7430057117226521,
          -0.8678895970449064,
          -0.8063557807451915,
          -0.8142532308986256,
          -0.7496829139860012,
          -0.7992979354808569,
          -0.7350547989747005,
          -0.6480530397618791,
          -0.6611415098902645,
          -0.40101747622060646
        ],
        "method_3":[
          -0.7752533563369653,
          -0.7675054578311833,
          -0.9109029806987747,
          -0.8703797361991953,
          -0.8166061004236662,
          -0.8196894209341277,
          -0.8012121191687711,
          -0.8070546035611808,
          -0.6459170900593086,
          -0.670234450493058,
          -0.9911751891210127
        ],
        "bspline1":[
          -0.8183770265986049,
          -0.8693541368981096,
          -0.9358543899758869,
          -0.9020862211818133,
          -0.8529736818286963,
          -0.8849125599552276,
          -0.8485491586924799,
          -0.8694723857395528,
          -0.7874364578831945,
          -0.799972349867456,
          -0.7979453578952495
        ],
        "exhaustive":[
          -0.7197016856862649,
          -0.6880523662008243,
          -0.8385345044756098,
          -0.7761271080381461,
          -0.8113989584332156,
          -0.7131821490032955,
          -0.7308038206030993,
          -0.6893065598762601,
          -0.438044298835319,
          -0.5540303999156629,
          -0.47222346364539114
        ],
        "displacement":[
          -0.7862051580878691,
          -0.8002684348253389,
          -0.872072542253706,
          -0.8874861488184823,
          -0.8404958161048016,
          -0.8358773957492847,
          -0.8170024951832149,
          -0.8191468891987996,
          -0.7025930247729266,
          -0.6973106602434206,
          -0.8888273617269778
        ]
    }
}